{
  "version": "1.1.1",
  "windows": {
    "main": {
      "main": true,
      "url": "app://editor/index.html",
      "windowType": "dockable",
      "x": -8,
      "y": -8,
      "width": 1296,
      "height": 736,
      "layout": {
        "children": [
          {
            "children": [
              {
                "active": 0,
                "children": [
                  "hierarchy"
                ],
                "height": 308,
                "type": "panel",
                "width": 207
              },
              {
                "active": 0,
                "children": [
                  "assets"
                ],
                "height": 307,
                "type": "panel",
                "width": 207
              }
            ],
            "height": 617,
            "type": "dock-v",
            "width": 207
          },
          {
            "children": [
              {
                "children": [
                  {
                    "active": 0,
                    "children": [
                      "scene"
                    ],
                    "height": 307,
                    "type": "panel",
                    "width": 455
                  },
                  {
                    "active": 0,
                    "children": [
                      "node-library"
                    ],
                    "height": 307,
                    "type": "panel",
                    "width": 308
                  }
                ],
                "height": 307,
                "type": "dock-h",
                "width": 765
              },
              {
                "active": 0,
                "children": [
                  "console",
                  "timeline"
                ],
                "height": 308,
                "type": "panel",
                "width": 765
              }
            ],
            "height": 617,
            "type": "dock-v",
            "width": 765
          },
          {
            "active": 1,
            "children": [
              "cocos-services",
              "inspector"
            ],
            "height": 617,
            "type": "panel",
            "width": 304
          }
        ],
        "type": "dock-h"
      },
      "panels": [
        "hierarchy",
        "assets",
        "node-library",
        "console",
        "timeline",
        "cocos-services",
        "inspector",
        "scene"
      ]
    }
  },
  "panels": {
    "project-settings": {
      "x": 342,
      "y": 80,
      "width": 600,
      "height": 565
    },
    "sprite-editor": {
      "x": 382,
      "y": 80,
      "width": 516,
      "height": 539
    }
  }
}