{
  "f8e6b000-5643-4b86-9080-aa680ce1f599": {
    "asset": 1555918287705,
    "meta": 1552197698000,
    "relativePath": "image"
  },
  "e851e89b-faa2-4484-bea6-5c01dd9f06e2": {
    "asset": 1552197698000,
    "meta": 1558237913455,
    "relativePath": "image\\default_btn_normal.png"
  },
  "71561142-4c83-4933-afca-cb7a17f67053": {
    "asset": 1552197698000,
    "meta": 1558237913453,
    "relativePath": "image\\default_btn_disabled.png"
  },
  "b43ff3c2-02bb-4874-81f7-f2dea6970f18": {
    "asset": 1552197698000,
    "meta": 1558237913491,
    "relativePath": "image\\default_btn_pressed.png"
  },
  "edd215b9-2796-4a05-aaf5-81f96c9281ce": {
    "asset": 1552197698000,
    "meta": 1558237913493,
    "relativePath": "image\\default_editbox_bg.png"
  },
  "d81ec8ad-247c-4e62-aa3c-d35c4193c7af": {
    "asset": 1552197698000,
    "meta": 1558237913501,
    "relativePath": "image\\default_panel.png"
  },
  "cfef78f1-c8df-49b7-8ed0-4c953ace2621": {
    "asset": 1552197698000,
    "meta": 1558237913511,
    "relativePath": "image\\default_progressbar.png"
  },
  "99170b0b-d210-46f1-b213-7d9e3f23098a": {
    "asset": 1552197698000,
    "meta": 1558237913503,
    "relativePath": "image\\default_progressbar_bg.png"
  },
  "567dcd80-8bf4-4535-8a5a-313f1caf078a": {
    "asset": 1552197698000,
    "meta": 1558237913514,
    "relativePath": "image\\default_radio_button_off.png"
  },
  "9d60001f-b5f4-4726-a629-2659e3ded0b8": {
    "asset": 1552197698000,
    "meta": 1558237913525,
    "relativePath": "image\\default_radio_button_on.png"
  },
  "4bab67cb-18e6-4099-b840-355f0473f890": {
    "asset": 1552197698000,
    "meta": 1558237913522,
    "relativePath": "image\\default_scrollbar_bg.png"
  },
  "617323dd-11f4-4dd3-8eec-0caf6b3b45b9": {
    "asset": 1552197698000,
    "meta": 1558237913536,
    "relativePath": "image\\default_scrollbar_vertical_bg.png"
  },
  "d6d3ca85-4681-47c1-b5dd-d036a9d39ea2": {
    "asset": 1552197698000,
    "meta": 1558237913534,
    "relativePath": "image\\default_scrollbar_vertical.png"
  },
  "0291c134-b3da-4098-b7b5-e397edbe947f": {
    "asset": 1552197698000,
    "meta": 1558237913547,
    "relativePath": "image\\default_scrollbar.png"
  },
  "0275e94c-56a7-410f-bd1a-fc7483f7d14a": {
    "asset": 1552197698000,
    "meta": 1558237913545,
    "relativePath": "image\\default_sprite_splash.png"
  },
  "6e056173-d285-473c-b206-40a7fff5386e": {
    "asset": 1552197698000,
    "meta": 1558237913561,
    "relativePath": "image\\default_sprite.png"
  },
  "73a0903d-d80e-4e3c-aa67-f999543c08f5": {
    "asset": 1552197698000,
    "meta": 1558237913558,
    "relativePath": "image\\default_toggle_checkmark.png"
  },
  "c25b9d50-c8fc-4d27-beeb-6e7c1f2e5c0f": {
    "asset": 1552197698000,
    "meta": 1558237913575,
    "relativePath": "image\\default_toggle_disabled.png"
  },
  "d29077ba-1627-4a72-9579-7b56a235340c": {
    "asset": 1552197698000,
    "meta": 1558237913574,
    "relativePath": "image\\default_toggle_normal.png"
  },
  "fc09f9bd-2cce-4605-b630-8145ef809ed6": {
    "asset": 1555918227928,
    "meta": 1552197698000,
    "relativePath": "misc"
  },
  "b181c1e4-0a72-4a91-bfb0-ae6f36ca60bd": {
    "asset": 1552197698000,
    "meta": 1558237913590,
    "relativePath": "image\\default_toggle_pressed.png"
  },
  "f6e6dd15-71d1-4ffe-ace7-24fd39942c05": {
    "asset": 1555918288108,
    "meta": 1552197698000,
    "relativePath": "obsolete"
  },
  "8a96b965-2dc0-4e03-aa90-3b79cb93b5b4": {
    "asset": 1552197698000,
    "meta": 1558237913622,
    "relativePath": "obsolete\\atom.png"
  },
  "f743d2b6-b7ea-4c14-a55b-547ed4d0a045": {
    "asset": 1555918288124,
    "meta": 1552197698000,
    "relativePath": "particle"
  },
  "b8223619-7e38-47c4-841f-9160c232495a": {
    "asset": 1552197698000,
    "meta": 1558237913753,
    "relativePath": "obsolete\\atom.plist"
  },
  "b2687ac4-099e-403c-a192-ff477686f4f5": {
    "asset": 1552197698000,
    "meta": 1558237913754,
    "relativePath": "particle\\atom.plist"
  },
  "2be36297-9abb-4fee-8049-9ed5e271da8a": {
    "asset": 1552197698000,
    "meta": 1558237913615,
    "relativePath": "misc\\default_video.mp4"
  },
  "ae6c6c98-11e4-452f-8758-75f5c6a56e83": {
    "asset": 1555918287720,
    "meta": 1552197698000,
    "relativePath": "prefab"
  },
  "972b9a4d-47ee-4c74-b5c3-61d8a69bc29f": {
    "asset": 1552197698000,
    "meta": 1558237913644,
    "relativePath": "prefab\\button.prefab"
  },
  "d0a82d39-bede-46c4-b698-c81ff0dedfff": {
    "asset": 1552197698000,
    "meta": 1558237913652,
    "relativePath": "particle\\atom.png"
  },
  "2c937608-2562-40ea-b264-7395df6f0cea": {
    "asset": 1552197698000,
    "meta": 1558237913658,
    "relativePath": "prefab\\canvas.prefab"
  },
  "27756ebb-3d33-44b0-9b96-e858fadd4dd4": {
    "asset": 1552197698000,
    "meta": 1558237913674,
    "relativePath": "prefab\\label.prefab"
  },
  "61aeb05b-3b32-452b-8eed-2b76deeed554": {
    "asset": 1552197698000,
    "meta": 1558237913671,
    "relativePath": "prefab\\editbox.prefab"
  },
  "785a442c-3ceb-45be-a46e-7317f625f3b9": {
    "asset": 1552197698000,
    "meta": 1558237913675,
    "relativePath": "prefab\\layout.prefab"
  },
  "cd33edea-55f5-46c2-958d-357a01384a36": {
    "asset": 1552197698000,
    "meta": 1558237913679,
    "relativePath": "prefab\\particlesystem.prefab"
  },
  "ca8401fe-ad6e-41a8-bd46-8e3e4e9945be": {
    "asset": 1552197698000,
    "meta": 1558237913680,
    "relativePath": "prefab\\pageview.prefab"
  },
  "5965ffac-69da-4b55-bcde-9225d0613c28": {
    "asset": 1552197698000,
    "meta": 1558237913696,
    "relativePath": "prefab\\progressBar.prefab"
  },
  "32044bd2-481f-4cf1-a656-e2b2fb1594eb": {
    "asset": 1552197698000,
    "meta": 1558237913701,
    "relativePath": "prefab\\scrollview.prefab"
  },
  "4a37dd57-78cd-4cec-aad4-f11a73d12b63": {
    "asset": 1552197698000,
    "meta": 1558237913695,
    "relativePath": "prefab\\richtext.prefab"
  },
  "1f55e3be-b89b-4b79-88de-47fd31018044": {
    "asset": 1552197698000,
    "meta": 1558237913706,
    "relativePath": "prefab\\sprite_splash.prefab"
  },
  "0004d1cf-a0ad-47d8-ab17-34d3db9d35a3": {
    "asset": 1552197698000,
    "meta": 1558237913702,
    "relativePath": "prefab\\slider.prefab"
  },
  "7de03a80-4457-438d-95a7-3e7cdffd6086": {
    "asset": 1552197698000,
    "meta": 1558237913709,
    "relativePath": "prefab\\tiledmap.prefab"
  },
  "96083d03-c332-4a3f-9386-d03e2d19e8ee": {
    "asset": 1552197698000,
    "meta": 1558237913707,
    "relativePath": "prefab\\sprite.prefab"
  },
  "0e42ba95-1fa1-46aa-b2cf-143cd1bcee2c": {
    "asset": 1552197698000,
    "meta": 1558237913711,
    "relativePath": "prefab\\tiledtile.prefab"
  },
  "0d784963-d024-4ea6-a7db-03be0ad63010": {
    "asset": 1552197698000,
    "meta": 1558237913714,
    "relativePath": "prefab\\toggle.prefab"
  },
  "bf0a434c-84dd-4a8e-a08a-7a36f180cc75": {
    "asset": 1552197698000,
    "meta": 1558237913716,
    "relativePath": "prefab\\toggleContainer.prefab"
  },
  "d1b8be49-b0a0-435c-83b7-552bed4bbe35": {
    "asset": 1552197698000,
    "meta": 1558237913721,
    "relativePath": "prefab\\toggleGroup.prefab"
  },
  "8c5001fd-07ee-4a4b-a8a0-63e15195e94d": {
    "asset": 1552197698000,
    "meta": 1558237913725,
    "relativePath": "prefab\\webview.prefab"
  },
  "232d2782-c4bd-4bb4-9e01-909f03d6d3b9": {
    "asset": 1552197698000,
    "meta": 1558237913722,
    "relativePath": "prefab\\videoplayer.prefab"
  },
  "8ec638f1-1800-4f6b-a9f0-a4d67467ff01": {
    "asset": 1559124405934,
    "meta": 1557624609663,
    "relativePath": "scenes"
  },
  "6ed18f95-86b1-4061-9d24-3b2d2a333c21": {
    "asset": 1559124931299,
    "meta": 1557624621227,
    "relativePath": "scripts"
  },
  "057fe5c6-db5d-45c2-9bf5-9c5a5e7915a8": {
    "asset": 1559114895681,
    "meta": 1557624631747,
    "relativePath": "prefabs"
  },
  "7e2cdde2-6962-4cae-bd4d-0e325fa9b3ba": {
    "asset": 1559113574361,
    "meta": 1557625742754,
    "relativePath": "resources"
  },
  "37f54e87-abbb-4898-a8aa-d98794cb8aed": {
    "asset": 1557627261890,
    "meta": 1557627285566,
    "relativePath": "resources\\棋盘.jpg"
  },
  "3d74a0bd-ef9d-4066-8aaa-44cca3f64276": {
    "asset": 1559125652900,
    "meta": 1559125652921,
    "relativePath": "scenes\\game.fire"
  },
  "2093ce42-d985-4df0-b699-ccf44a121200": {
    "asset": 1559125598772,
    "meta": 1559125598794,
    "relativePath": "scenes\\start.fire"
  },
  "9fa7585a-a293-4cc6-927a-373cbed1dd5e": {
    "asset": 1557630554034,
    "meta": 1557630555726,
    "relativePath": "scripts\\click1.js"
  },
  "b2788f17-e0bc-435e-a15e-afd9e5d5d3ba": {
    "asset": 1558953430314,
    "meta": 1558953430334,
    "relativePath": "scenes\\over.fire"
  },
  "7eeddea6-0e88-48d0-9b8d-28906209ec64": {
    "asset": 1557631606307,
    "meta": 1557631607574,
    "relativePath": "scripts\\click2.js"
  },
  "5f79ce36-e565-4dab-9cd5-e3fd11697ca1": {
    "asset": 1557902018424,
    "meta": 1557902140188,
    "relativePath": "resources\\图层 0.jpg"
  },
  "e11041f1-cc31-4816-bd0b-ed7b92853f1d": {
    "asset": 1557904168086,
    "meta": 1557904179871,
    "relativePath": "resources\\5.png"
  },
  "badbca15-1e11-459f-a40c-9dda0d315fb8": {
    "asset": 1557907768123,
    "meta": 1557907921355,
    "relativePath": "resources\\dui.png"
  },
  "1c04f18e-d35d-48f3-b0aa-a9176b6d78ba": {
    "asset": 1557907280782,
    "meta": 1557907921452,
    "relativePath": "resources\\gen.png"
  },
  "2411b1da-3f20-496d-8226-c6f827e50aaa": {
    "asset": 1557907569089,
    "meta": 1557907921481,
    "relativePath": "resources\\kan.png"
  },
  "0f9c98d8-e6f6-4d84-a2f6-20ba01633736": {
    "asset": 1557904882403,
    "meta": 1557907921485,
    "relativePath": "resources\\kun.png"
  },
  "8958f153-d54b-4b56-a98d-f3e26004ea3b": {
    "asset": 1557907726078,
    "meta": 1557907921498,
    "relativePath": "resources\\li.png"
  },
  "f4d674e1-74ae-440c-a496-c46d0e8ec4c6": {
    "asset": 1557907869179,
    "meta": 1557907921502,
    "relativePath": "resources\\qian.png"
  },
  "fb5d7266-fe3b-4e7a-882a-db04c83a1dfb": {
    "asset": 1557907414948,
    "meta": 1557907921515,
    "relativePath": "resources\\xun.png"
  },
  "8e241f16-edce-4546-9c75-34e7f8250452": {
    "asset": 1557907662807,
    "meta": 1557907921517,
    "relativePath": "resources\\zhen.png"
  },
  "23e5814c-a8c9-4be9-869f-6c7c1d0df69c": {
    "asset": 1559112120383,
    "meta": 1559112120408,
    "relativePath": "prefabs\\block.prefab"
  },
  "de4f8193-6dd4-4a4e-b4be-02864980fed7": {
    "asset": 1558182512180,
    "meta": 1558182515477,
    "relativePath": "scripts\\block.js"
  },
  "158b565b-9567-4211-a487-f3dc1640cd4d": {
    "asset": 1558183095678,
    "meta": 1558183098131,
    "relativePath": "scripts\\lock.js"
  },
  "769094f3-9aac-4b5e-95bd-ca630df2dead": {
    "asset": 1558183203550,
    "meta": 1558183203562,
    "relativePath": "prefabs\\lock.prefab"
  },
  "a34fbe8c-b769-4637-b835-44ebcfdd347e": {
    "asset": 1558187253105,
    "meta": 1558187258525,
    "relativePath": "scripts\\WenGua.js"
  },
  "1e2a0b3a-4061-4c9f-a960-e62ee7236618": {
    "asset": 1559108930000,
    "meta": 1559108930031,
    "relativePath": "scenes\\intro.fire"
  },
  "4b1bcefa-fb2c-4df9-b71d-8876b790323e": {
    "asset": 1559109278458,
    "meta": 1559109278507,
    "relativePath": "scenes\\qipan.fire"
  },
  "d4140d45-a38a-4f05-961d-1fc93761098b": {
    "asset": 1559107503141,
    "meta": 1559107567319,
    "relativePath": "resources\\棋盘介绍.png"
  },
  "19522f9b-855b-449d-adff-e647b6764a8c": {
    "asset": 1559108714476,
    "meta": 1559108714847,
    "relativePath": "scenes\\guaxiang.fire"
  },
  "62b69a37-1d9a-4b67-bdc9-f2e4c36c6521": {
    "asset": 1559108777531,
    "meta": 1559108781314,
    "relativePath": "scripts\\click5.js"
  },
  "71c4ce75-ec18-4bcf-891c-2e9be6b085fd": {
    "asset": 1559108826231,
    "meta": 1559108836345,
    "relativePath": "scripts\\click6.js"
  },
  "a1062bf3-dc91-4f1d-897a-5ce9f7087121": {
    "asset": 1559110787008,
    "meta": 1559110787023,
    "relativePath": "prefabs\\question.prefab"
  },
  "52f4e058-dd35-4271-b8e5-3436bda0e3ed": {
    "asset": 1559113543059,
    "meta": 1559113574505,
    "relativePath": "resources\\white.jpg"
  },
  "30dcd09e-6f9e-40a1-b2b5-20b0a751ee84": {
    "asset": 1559115070605,
    "meta": 1559115070735,
    "relativePath": "prefabs\\result.prefab"
  },
  "74990572-da51-4258-8f34-54e5d9d6ae3e": {
    "asset": 1559115264729,
    "meta": 1559115280664,
    "relativePath": "scripts\\question.js"
  },
  "e6794f2c-34ca-430c-a9ea-20983a856b01": {
    "asset": 1559124185486,
    "meta": 1559124190537,
    "relativePath": "scripts\\game.js"
  },
  "012ccd0d-45e4-43bf-ac98-78bc4fc337db": {
    "asset": 1559125194557,
    "meta": 1559125194574,
    "relativePath": "scenes\\caidan.fire"
  },
  "e5300c20-5cbf-45b6-8b85-0c2d09762a10": {
    "asset": 1559125555198,
    "meta": 1559125560560,
    "relativePath": "scripts\\click3.js"
  },
  "6a3cc6b2-7f2f-413f-8946-f81b08dacc7b": {
    "asset": 1559125553631,
    "meta": 1559125560576,
    "relativePath": "scripts\\click4.js"
  },
  "3c0da8b1-a170-4d15-9b17-3828ac1db054": {
    "asset": 1559125552315,
    "meta": 1559125560584,
    "relativePath": "scripts\\click7.js"
  }
}